country,customer_type,agent_campany,is_repeated_guest,total_bookings,canceled_bookings,avg_adr,estimated_revenue,cancellation_rate
PRT,Transient,Direct,0,3291,649,95.27,905058.15,19.72
GBR,Transient,Direct,0,195,4,92.11,64129.24,2.05
GBR,Transient,Agent,0,7395,1929,105.24,3291708.03,26.09
PRT,Transient,Agent,0,14642,6649,109.28,6149140.82,45.41
USA,Transient,Agent,0,1566,448,128.61,558657.86,28.61
ESP,Transient,Agent,0,5819,1821,128.27,2579946.17,31.29
IRL,Transient,Agent,0,2470,635,103.81,1262148.56,25.71
PRT,Contract,Agent,0,857,498,99.93,354789.91,58.11
FRA,Transient,Company,0,58,1,96.34,15610.25,1.72
GBR,Contract,Agent,0,1255,1,79.53,842831.2,0.08
IRL,Contract,Agent,0,100,0,78.13,58490.87,0.0
Unknown,Transient,Direct,0,146,13,73.23,46661.85,8.9
ROU,Transient,Agent,0,393,118,120.07,232644.08,30.03
ESP,Transient,Direct,0,309,4,108.01,72209.9,1.29
NOR,Transient-Party,Agent,0,59,5,96.15,23138.78,8.47
OMN,Contract,Agent,0,3,0,83.57,2789.8,0.0
ARG,Transient,Agent,0,154,50,116.12,59557.34,32.47
POL,Transient,Agent,0,603,160,114.5,283526.49,26.53
DEU,Transient,Agent,0,4335,1020,109.51,1798550.22,23.53
FRA,Contract,Agent,0,173,0,103.02,58377.44,0.0
BEL,Transient,Agent,0,1666,396,119.41,745340.43,23.77
FRA,Transient,Agent,0,7252,1690,115.93,3129439.41,23.3
CHE,Transient,Agent,0,1339,377,124.45,631980.88,28.16
FRA,Transient-Party,Agent,0,795,20,91.82,243234.5,2.52
CN,Transient,Agent,0,911,225,115.94,374640.56,24.7
GRC,Transient,Agent,0,76,31,110.9,34746.02,40.79
FRA,Transient,Direct,0,309,7,110.37,83139.44,2.27
ITA,Contract,Agent,0,45,0,112.99,19009.25,0.0
NLD,Transient,Direct,0,54,2,105.27,13009.22,3.7
PRT,Transient,Company,0,1434,262,63.18,180514.85,18.27
CHE,Transient,Company,0,12,0,92.2,2704.32,0.0
DNK,Transient-Party,Agent,0,47,2,103.94,16149.76,4.26
RUS,Transient,Agent,0,466,214,129.07,266349.4,45.92
SWE,Transient,Agent,0,634,170,121.52,305568.19,26.81
AUS,Transient,Agent,0,297,91,121.4,101074.89,30.64
PRT,Transient-Party,Direct,0,517,220,93.95,162174.93,42.55
EST,Transient,Agent,0,72,18,117.67,39329.18,25.0
DNK,Transient,Agent,0,307,89,123.34,161013.15,28.99
CZE,Transient,Agent,0,97,33,123.79,40543.78,34.02
BRA,Transient,Agent,0,1671,715,115.56,693488.07,42.79
PRT,Transient-Party,Agent,0,3102,1063,84.66,810042.72,34.27
FIN,Transient,Agent,0,346,60,105.24,146410.62,17.34
ESP,Contract,Agent,0,156,0,110.19,56362.86,0.0
ESP,Transient-Party,Agent,0,677,30,97.61,212684.12,4.43
FIN,Contract,Agent,0,8,0,111.22,5054.65,0.0
IRL,Transient,Direct,0,94,1,103.83,54770.43,1.06
IRL,Transient-Party,Agent,0,268,30,81.44,122310.46,11.19
MOZ,Transient,Agent,0,32,16,132.27,20494.48,50.0
BWA,Transient,Agent,0,1,0,118.5,355.5,0.0
LUX,Transient,Agent,0,225,101,137.47,119669.62,44.89
CN,Transient,Direct,0,30,0,100.59,4523.32,0.0
PRT,Group,Agent,0,90,30,86.45,22532.06,33.33
NLD,Transient,Agent,0,1540,344,112.32,615512.83,22.34
PRT,Group,Company,0,17,3,96.18,2737.8,17.65
NOR,Transient,Agent,0,426,140,129.0,239868.04,32.86
BRA,Transient-Party,Agent,0,158,9,94.55,49033.63,5.7
SVN,Transient,Agent,0,27,7,139.41,15018.7,25.93
ALB,Transient,Agent,0,7,2,85.86,2320.43,28.57
GBR,Transient-Party,Agent,0,789,45,87.98,294632.28,5.7
CN,Transient-Party,Agent,0,127,0,99.64,54578.69,0.0
CHE,Transient-Party,Agent,0,115,6,123.7,55722.01,5.22
IND,Transient,Agent,0,121,34,120.55,47021.29,28.1
CHN,Transient,Agent,0,685,383,117.25,229780.23,55.91
MEX,Transient,Agent,0,52,9,118.33,18153.79,17.31
PRT,Transient-Party,Company,0,600,166,71.24,101156.9,27.67
IRL,Transient,Company,0,11,0,91.45,4264.0,0.0
CHE,Transient,Direct,0,56,1,118.08,23524.4,1.79
CHN,Transient-Party,Agent,0,73,8,100.49,17953.02,10.96
GBR,Group,Agent,0,47,1,101.41,25416.2,2.13
USA,Transient,Direct,0,76,2,121.96,17706.48,2.63
MAR,Transient,Agent,0,186,99,153.17,120432.1,53.23
ROU,Contract,Agent,0,10,0,111.54,3913.2,0.0
ITA,Transient,Agent,0,2385,1040,120.79,1006936.39,43.61
UKR,Transient,Agent,0,49,20,105.63,23206.18,40.82
ITA,Transient-Party,Company,0,33,0,80.75,9719.76,0.0
SMR,Transient-Party,Company,0,1,0,88.2,264.6,0.0
FRA,Transient-Party,Company,0,63,6,78.78,13864.6,9.52
PRT,Group,Direct,0,22,15,77.65,3042.25,68.18
ITA,Transient,Company,0,43,1,97.36,13157.3,2.33
DEU,Contract,Agent,0,110,0,96.5,56403.95,0.0
LVA,Transient,Agent,0,40,7,104.68,17506.67,17.5
PRI,Transient,Agent,0,3,1,114.49,834.92,33.33
SRB,Transient,Agent,0,25,3,111.69,11713.49,12.0
GBR,Transient,Company,0,42,2,88.25,10513.6,4.76
BRA,Group,Agent,0,12,0,116.47,3136.26,0.0
SWE,Contract,Agent,0,19,0,118.11,8779.07,0.0
IRL,Group,Agent,0,5,0,113.09,1782.08,0.0
CHL,Transient,Agent,0,43,16,122.15,16866.42,37.21
NLD,Transient-Party,Agent,0,169,3,103.41,54384.21,1.78
NLD,Contract,Agent,0,56,0,105.79,27540.03,0.0
DEU,Transient,Direct,0,123,6,104.53,33416.05,4.88
DEU,Transient-Party,Company,0,36,0,80.96,7481.68,0.0
POL,Contract,Agent,0,36,0,113.81,23283.06,0.0
GBR,Transient-Party,Company,0,444,1,59.44,113704.46,0.23
AUT,Contract,Agent,0,12,0,101.59,4197.69,0.0
BLR,Transient,Agent,0,18,7,102.76,8933.92,38.89
LTU,Transient,Agent,0,61,7,97.64,29242.33,11.48
LUX,Transient-Party,Direct,0,4,0,92.75,1157.0,0.0
LVA,Transient-Party,Agent,0,5,1,57.86,1231.9,20.0
AUT,Transient,Direct,0,27,2,106.07,7976.93,7.41
OMN,Transient,Agent,0,7,1,121.78,2201.16,14.29
TUR,Transient-Party,Agent,0,20,2,93.49,5604.6,10.0
BEL,Group,Agent,0,10,0,93.81,6699.9,0.0
ZAF,Transient,Agent,0,64,28,109.98,20117.5,43.75
AGO,Transient,Direct,0,62,4,103.3,21938.02,6.45
DEU,Transient-Party,Agent,0,667,27,89.42,189857.79,4.05
PRT,Contract,Direct,0,7,0,48.43,1047.0,0.0
ISR,Transient,Direct,0,8,0,127.94,2185.0,0.0
BEL,Transient,Direct,0,65,2,114.77,21969.58,3.08
ESP,Transient-Party,Direct,0,50,0,77.48,12743.5,0.0
FIN,Transient,Direct,0,26,1,87.03,6151.81,3.85
CYM,Transient-Party,Agent,0,1,0,40.5,162.0,0.0
BEL,Transient-Party,Agent,0,180,10,101.12,65199.34,5.56
ZMB,Transient,Agent,0,2,1,101.88,794.22,50.0
AUT,Transient-Party,Company,0,33,0,52.97,12398.6,0.0
AUT,Transient,Agent,0,689,156,117.67,287049.79,22.64
DEU,Transient,Company,0,29,0,88.93,5099.3,0.0
CPV,Transient,Direct,0,3,0,57.33,280.0,0.0
ESP,Transient-Party,Company,0,56,0,68.54,10004.4,0.0
ZWE,Transient,Agent,0,4,2,85.31,868.89,50.0
DZA,Transient,Agent,0,60,20,118.64,32242.89,33.33
BEL,Transient-Party,Company,0,54,1,65.69,11286.99,1.85
CZE,Transient-Party,Company,0,5,0,63.0,1211.0,0.0
SWE,Transient-Party,Agent,0,107,2,96.62,44464.14,1.87
RUS,Transient-Party,Agent,0,41,6,94.08,11532.15,14.63
NLD,Transient-Party,Company,0,42,1,58.51,8802.3,2.38
KOR,Transient,Agent,0,101,42,114.12,27725.63,41.58
AUS,Transient-Party,Agent,0,45,1,104.86,18309.92,2.22
POL,Transient-Party,Agent,0,63,2,87.86,22361.74,3.17
CRI,Transient,Agent,0,15,1,103.81,3767.94,6.67
HUN,Transient,Agent,0,166,65,116.02,74927.3,39.16
Unknown,Transient,Company,0,153,16,43.57,9779.5,10.46
GBR,Transient-Party,Direct,0,145,1,69.52,39286.13,0.69
POL,Transient-Party,Company,0,12,0,79.67,2782.0,0.0
ARE,Transient,Agent,0,45,41,138.32,28275.73,91.11
ITA,Transient-Party,Agent,0,423,31,98.46,121334.16,7.33
TUN,Transient,Agent,0,33,18,110.3,14566.14,54.55
ARG,Transient-Party,Agent,0,24,1,119.6,7557.59,4.17
ROU,Transient-Party,Company,0,3,0,100.0,550.0,0.0
JAM,Transient-Party,Agent,0,2,0,101.5,1157.0,0.0
POL,Transient,Direct,0,19,2,89.42,5161.58,10.53
HRV,Transient,Agent,0,69,23,114.63,32734.39,33.33
POL,Transient-Party,Direct,0,20,0,76.62,3924.38,0.0
HKG,Transient,Agent,0,23,21,131.76,7428.0,91.3
SWE,Transient,Direct,0,32,4,132.67,7727.4,12.5
ISR,Transient,Agent,0,307,132,132.94,114621.65,43.0
IRN,Transient,Agent,0,62,22,126.42,35501.43,35.48
GEO,Transient,Agent,0,16,14,162.25,14407.4,87.5
AND,Transient,Agent,0,7,5,202.65,6991.99,71.43
LUX,Transient,Direct,0,6,0,169.88,3103.0,0.0
TUR,Transient,Agent,0,162,95,120.7,66358.96,58.64
GIB,Transient,Agent,0,12,11,183.1,7628.72,91.67
URY,Transient,Agent,0,24,9,133.77,11789.04,37.5
JEY,Transient,Agent,0,7,7,123.14,2323.37,100.0
CAF,Transient,Agent,0,3,0,62.11,834.98,0.0
CYP,Transient,Agent,0,24,9,117.54,7176.75,37.5
USA,Transient-Party,Agent,0,146,8,109.66,45173.76,5.48
ROU,Transient-Party,Agent,0,41,0,88.77,13674.67,0.0
AUT,Transient-Party,Agent,0,141,10,93.57,45287.31,7.09
COL,Transient,Agent,0,53,23,123.32,15880.28,43.4
Unknown,Group,Company,0,2,1,0.0,0.0,50.0
GGY,Transient-Party,Agent,0,1,1,65.0,65.0,100.0
KWT,Transient,Agent,0,15,6,135.08,6826.82,40.0
NGA,Transient,Agent,0,29,17,120.84,15976.96,58.62
MDV,Transient,Agent,0,11,9,128.58,6670.1,81.82
VEN,Transient,Agent,0,15,8,104.83,5388.59,53.33
Unknown,Transient,Agent,0,111,2,67.0,28206.45,1.8
SVK,Transient,Agent,0,39,10,119.04,17082.63,25.64
AGO,Transient,Agent,0,235,185,125.62,288592.58,78.72
FJI,Transient,Agent,0,1,1,135.33,405.99,100.0
KAZ,Transient,Agent,0,15,5,149.07,8220.9,33.33
PAK,Transient,Agent,0,10,8,115.08,5675.38,80.0
IDN,Transient,Agent,0,23,14,133.38,9288.7,60.87
LBN,Transient,Agent,0,21,7,142.76,8495.01,33.33
PHL,Transient,Agent,0,31,19,147.98,13201.89,61.29
SEN,Transient,Agent,0,9,8,138.52,11670.76,88.89
SYC,Transient,Agent,0,2,1,132.13,614.25,50.0
AZE,Transient,Agent,0,13,7,116.87,8309.11,53.85
BHR,Transient,Agent,0,5,4,145.33,2087.55,80.0
Unknown,Transient-Party,Company,0,11,0,33.36,618.0,0.0
PRT,Transient,Agent,1,646,60,60.89,112160.16,9.29
Unknown,Group,Agent,0,5,0,55.92,681.2,0.0
Unknown,Transient-Party,Direct,0,10,0,137.82,5377.41,0.0
Unknown,Transient-Party,Agent,0,10,2,52.67,2028.48,20.0
CYP,Transient,Company,0,8,0,67.13,1224.0,0.0
PRT,Contract,Agent,1,19,13,67.58,6726.89,68.42
ESP,Transient,Agent,1,30,1,56.28,3271.25,3.33
PRT,Group,Agent,1,83,4,70.56,12326.23,4.82
PRT,Transient,Direct,1,484,34,69.29,96353.43,7.02
Unknown,Transient,Direct,1,2,0,147.93,1435.16,0.0
PRT,Transient-Party,Agent,1,82,24,70.83,13852.81,29.27
Unknown,Transient-Party,Agent,1,1,0,75.0,75.0,0.0
GBR,Transient-Party,Company,1,5,0,44.6,863.0,0.0
PRT,Transient-Party,Company,1,120,8,57.08,10291.99,6.67
PRT,Transient,Company,1,1380,90,57.07,127737.6,6.52
GBR,Transient-Party,Agent,1,6,0,24.69,555.77,0.0
PRT,Transient-Party,Direct,1,30,3,79.96,6352.62,10.0
IRL,Transient,Agent,1,19,2,80.17,9037.09,10.53
GBR,Transient-Party,Direct,1,6,0,100.24,1340.01,0.0
ITA,Transient,Direct,1,7,0,71.11,1189.2,0.0
PRT,Group,Direct,1,13,0,83.89,1590.6,0.0
GBR,Contract,Agent,1,12,0,72.99,9288.5,0.0
GBR,Group,Agent,1,14,0,76.79,4675.09,0.0
IRL,Transient-Party,Agent,1,1,0,42.14,294.98,0.0
USA,Group,Agent,0,13,0,97.43,2530.59,0.0
BRA,Contract,Agent,0,16,0,97.96,7568.21,0.0
NOR,Contract,Agent,0,8,0,131.41,4428.11,0.0
CHE,Contract,Agent,0,23,0,105.16,10273.74,0.0
NZL,Transient,Direct,0,2,0,130.0,578.0,0.0
ROU,Transient-Party,Direct,0,3,0,147.47,3722.0,0.0
ITA,Transient,Agent,1,10,1,124.06,4774.98,10.0
ESP,Transient,Direct,1,19,2,94.67,3582.7,10.53
GBR,Transient,Agent,1,35,0,71.48,11637.17,0.0
AUT,Transient,Company,0,18,1,100.33,3940.0,5.56
ESP,Transient,Company,0,78,1,96.26,15438.37,1.28
NZL,Transient,Agent,0,47,4,116.85,14198.87,8.51
USA,Transient,Agent,1,9,0,102.9,2598.68,0.0
LUX,Transient-Party,Agent,0,21,2,120.96,8078.84,9.52
NOR,Transient,Company,0,5,0,102.6,913.0,0.0
FRA,Transient-Party,Direct,1,2,0,102.5,799.0,0.0
BRA,Transient,Direct,0,85,1,111.04,29048.4,1.18
ITA,Group,Direct,0,1,0,134.0,134.0,0.0
NLD,Group,Agent,0,4,0,103.14,1484.99,0.0
IRL,Transient-Party,Direct,0,27,0,85.68,13073.92,0.0
ITA,Transient-Party,Company,1,5,0,79.73,1658.01,0.0
ITA,Transient-Party,Direct,0,31,0,101.98,10322.4,0.0
CZE,Transient-Party,Agent,0,18,0,90.41,5745.5,0.0
THA,Transient,Agent,0,33,16,136.67,13383.8,48.48
BEL,Contract,Agent,0,50,0,113.3,18311.36,0.0
USA,Contract,Agent,0,18,0,122.35,6190.71,0.0
ITA,Transient,Direct,0,57,1,112.44,17407.81,1.75
LVA,Contract,Agent,0,3,0,89.35,1904.5,0.0
FRA,Group,Agent,1,3,0,98.26,580.21,0.0
FRA,Transient,Agent,1,25,2,79.21,5746.6,8.0
IRL,Group,Agent,1,1,0,71.1,71.1,0.0
AUS,Transient,Direct,0,12,0,135.92,2569.0,0.0
CN,Contract,Agent,0,6,0,91.29,2057.32,0.0
DEU,Transient,Agent,1,9,0,84.13,1487.25,0.0
DEU,Group,Agent,0,20,0,77.14,5087.22,0.0
ESP,Group,Agent,0,18,0,77.0,2411.13,0.0
PRT,Group,Company,1,15,0,58.45,2489.24,0.0
DOM,Transient,Agent,0,9,6,121.63,5334.9,66.67
MKD,Transient,Agent,0,1,0,108.75,870.0,0.0
GBR,Transient,Direct,1,22,0,63.09,5416.35,0.0
NLD,Transient-Party,Company,1,1,0,47.0,188.0,0.0
PRI,Transient,Direct,0,1,0,58.0,58.0,0.0
MYS,Transient,Agent,0,17,3,85.23,4693.98,17.65
FRA,Transient-Party,Direct,0,54,3,121.47,21813.5,5.56
NLD,Transient,Direct,1,9,0,62.01,1971.6,0.0
NOR,Transient,Agent,1,1,0,55.08,165.24,0.0
USA,Transient-Party,Company,0,13,0,83.95,3283.3,0.0
MEX,Transient-Party,Company,0,3,0,89.7,991.99,0.0
HUN,Transient-Party,Agent,0,20,0,127.49,11945.41,0.0
AUT,Group,Company,1,1,0,50.0,200.0,0.0
GRC,Transient-Party,Agent,0,12,2,134.93,6342.0,16.67
CZE,Transient,Company,0,7,0,80.43,1443.0,0.0
GBR,Group,Direct,1,2,0,64.5,217.0,0.0
CHE,Transient-Party,Company,0,5,0,99.0,1875.0,0.0
AUS,Transient-Party,Company,0,3,0,97.4,1263.0,0.0
AUS,Group,Company,1,1,0,50.0,200.0,0.0
GIB,Transient-Party,Agent,0,3,0,113.0,735.0,0.0
UKR,Transient,Direct,0,3,0,102.33,350.0,0.0
ARM,Transient,Agent,0,7,2,105.13,1875.1,28.57
RUS,Transient,Direct,0,7,0,114.6,1749.8,0.0
RUS,Transient,Direct,1,2,0,19.0,38.0,0.0
JPN,Transient,Agent,0,144,24,123.68,52032.56,16.67
JPN,Transient,Agent,1,1,0,71.69,71.69,0.0
CHN,Transient,Direct,0,28,1,97.14,4145.96,3.57
LKA,Transient,Agent,0,4,0,80.58,966.9,0.0
CHN,Transient,Agent,1,5,0,84.36,561.84,0.0
BEL,Transient,Direct,1,5,1,110.0,1000.0,20.0
CUB,Transient,Agent,0,5,0,87.89,1456.38,0.0
ITA,Group,Agent,0,9,0,96.09,1887.2,0.0
COL,Group,Agent,0,1,0,50.8,101.6,0.0
NOR,Transient,Direct,0,9,0,109.19,3033.5,0.0
MAR,Group,Agent,0,1,0,32.3,64.6,0.0
CMR,Transient,Agent,0,9,0,79.25,3014.98,0.0
CHN,Transient-Party,Direct,0,7,0,76.0,975.0,0.0
GRC,Transient,Direct,0,3,0,77.0,645.0,0.0
MAR,Transient,Direct,0,14,1,93.09,2997.05,7.14
IND,Transient,Direct,0,3,0,51.0,211.0,0.0
CHN,Transient,Direct,1,3,0,35.0,105.0,0.0
POL,Transient,Agent,1,3,0,78.0,762.0,0.0
NLD,Transient,Company,1,3,0,22.0,102.0,0.0
NZL,Transient,Company,0,2,0,71.65,716.5,0.0
AUS,Transient,Company,0,4,0,95.75,1641.0,0.0
SWE,Group,Agent,0,3,0,84.05,765.96,0.0
BIH,Transient,Direct,0,2,0,85.5,171.0,0.0
MUS,Transient,Agent,0,7,1,96.22,2424.11,14.29
COM,Transient,Agent,0,2,0,165.31,330.61,0.0
SUR,Transient,Agent,0,4,0,102.25,1755.0,0.0
FRA,Transient,Direct,1,7,0,105.96,2265.09,0.0
FIN,Transient,Agent,1,1,0,58.0,58.0,0.0
JAM,Transient,Agent,0,4,0,107.93,1523.17,0.0
DEU,Transient-Party,Direct,0,46,0,84.39,12727.66,0.0
AUT,Transient-Party,Direct,0,16,0,89.61,7307.97,0.0
ITA,Transient-Party,Direct,1,6,0,72.0,1217.0,0.0
CHE,Transient-Party,Direct,0,10,0,90.7,2431.0,0.0
DEU,Transient-Party,Direct,1,2,0,80.0,720.0,0.0
UGA,Transient,Agent,0,2,0,84.5,255.0,0.0
BRA,Transient-Party,Company,0,8,0,80.5,1962.0,0.0
FIN,Transient-Party,Agent,0,26,2,92.27,9739.44,7.69
CUB,Transient-Party,Agent,0,1,0,25.0,25.0,0.0
BGR,Transient,Agent,0,57,9,117.4,23395.72,15.79
ESP,Transient,Company,1,28,2,95.25,4345.0,7.14
DEU,Transient,Direct,1,4,0,90.27,1106.3,0.0
CIV,Transient,Agent,0,5,2,129.5,3034.0,40.0
CIV,Group,Agent,0,1,0,72.0,144.0,0.0
JOR,Transient,Agent,0,14,3,112.02,4016.06,21.43
SYR,Transient-Party,Agent,0,1,0,54.0,108.0,0.0
IRL,Transient-Party,Company,0,10,0,102.5,4135.0,0.0
NLD,Transient-Party,Direct,0,10,0,109.02,4943.6,0.0
BEL,Transient-Party,Company,1,1,0,44.0,176.0,0.0
EST,Transient,Direct,0,3,0,91.67,891.0,0.0
ARG,Transient,Direct,0,13,0,108.42,2600.09,0.0
IND,Group,Agent,0,1,0,90.0,270.0,0.0
AUS,Transient-Party,Direct,0,4,0,96.88,1614.3,0.0
RUS,Transient-Party,Direct,0,4,0,57.5,796.0,0.0
NLD,Transient,Company,0,16,0,80.81,3710.0,0.0
PRI,Transient,Company,0,1,0,39.0,39.0,0.0
PRI,Transient,Company,1,6,0,70.33,747.0,0.0
JPN,Transient,Company,0,3,0,143.13,4169.38,0.0
ITA,Group,Agent,1,1,0,99.0,99.0,0.0
NLD,Group,Direct,1,2,0,128.0,256.0,0.0
IRL,Transient,Direct,1,6,0,69.22,3353.82,0.0
SGP,Transient-Party,Agent,0,5,0,87.2,958.0,0.0
BDI,Transient-Party,Agent,0,1,0,46.0,92.0,0.0
GBR,Transient,Company,1,3,1,60.0,360.0,33.33
POL,Transient,Company,0,6,0,86.94,1659.01,0.0
GBR,Group,Company,0,5,0,68.63,925.91,0.0
GBR,Group,Direct,0,5,0,91.2,456.0,0.0
GBR,Group,Company,1,2,0,70.0,140.0,0.0
CN,Transient,Agent,1,2,0,79.6,477.6,0.0
FIN,Transient,Company,0,4,0,91.5,1097.0,0.0
CN,Group,Agent,0,7,0,88.06,1182.4,0.0
SAU,Transient,Agent,0,41,29,127.31,28485.32,70.73
SGP,Transient,Agent,0,28,12,107.18,8318.9,42.86
LBN,Transient,Direct,1,1,0,169.0,169.0,0.0
CHL,Transient-Party,Agent,0,16,0,112.41,4876.48,0.0
VNM,Transient,Agent,0,7,2,114.63,2197.15,28.57
PLW,Transient,Agent,0,1,0,136.29,954.03,0.0
USA,Transient,Direct,1,7,1,102.96,1664.0,14.29
ARE,Transient-Party,Agent,0,1,0,207.0,1035.0,0.0
ARE,Transient,Direct,0,1,0,180.0,900.0,0.0
QAT,Transient,Agent,0,12,10,155.82,7683.91,83.33
IRL,Group,Direct,1,1,0,126.66,1773.24,0.0
LUX,Group,Agent,1,1,0,179.4,1255.8,0.0
FRA,Group,Direct,0,2,0,196.0,392.0,0.0
CN,Transient,Company,0,3,0,131.83,745.0,0.0
FRA,Group,Agent,0,53,0,82.86,16288.34,0.0
DZA,Transient-Party,Direct,0,3,0,192.33,1141.0,0.0
EGY,Transient,Agent,0,22,10,132.87,11768.84,45.45
PER,Transient,Agent,0,17,6,137.92,6020.62,35.29
BLR,Transient-Party,Agent,0,2,0,99.21,666.01,0.0
IRL,Transient-Party,Direct,1,1,0,125.5,1129.5,0.0
THA,Transient-Party,Agent,0,6,0,96.5,789.0,0.0
CZE,Transient,Direct,0,4,0,116.23,3109.4,0.0
LVA,Group,Agent,0,1,0,94.5,378.0,0.0
RUS,Transient,Company,0,6,0,80.0,565.0,0.0
NZL,Transient-Party,Agent,0,11,0,94.17,3025.02,0.0
GBR,Contract,Direct,0,1,0,100.0,300.0,0.0
OMN,Transient-Party,Agent,0,7,3,90.41,2420.36,42.86
OMN,Transient-Party,Company,0,1,0,50.0,50.0,0.0
SUR,Transient-Party,Company,0,1,0,56.0,224.0,0.0
DNK,Transient-Party,Company,0,8,0,80.91,2137.0,0.0
SWE,Transient-Party,Direct,0,23,0,80.74,7359.0,0.0
AUT,Transient-Party,Direct,1,3,0,65.0,820.0,0.0
CHL,Transient-Party,Direct,0,1,0,81.0,729.0,0.0
ROU,Transient,Direct,0,5,0,99.2,838.0,0.0
CN,Transient,Direct,1,3,0,68.33,205.0,0.0
LTU,Transient-Party,Agent,0,6,0,122.02,6374.25,0.0
UKR,Transient-Party,Agent,0,7,0,35.34,442.4,0.0
BEL,Transient,Agent,1,5,0,99.98,3244.2,0.0
BRA,Transient,Agent,1,5,0,31.98,528.9,0.0
BRA,Group,Agent,1,2,0,53.5,258.0,0.0
IND,Transient-Party,Agent,0,11,0,86.02,2834.75,0.0
MLT,Transient,Agent,0,13,5,97.37,4567.54,38.46
SVN,Transient-Party,Agent,0,9,2,92.64,1611.4,22.22
ESP,Group,Agent,1,4,0,74.3,504.2,0.0
SWE,Transient,Direct,1,4,1,75.0,780.0,25.0
SWE,Transient,Agent,1,4,0,87.07,1280.01,0.0
MWI,Transient,Agent,0,1,0,86.0,172.0,0.0
MWI,Transient,Direct,0,1,0,80.0,80.0,0.0
LVA,Transient,Direct,0,1,0,106.0,212.0,0.0
ECU,Transient,Direct,0,1,0,39.0,39.0,0.0
Unknown,Transient,Company,1,1,0,0.0,0.0,0.0
MAR,Transient,Company,0,1,0,68.0,136.0,0.0
BGR,Transient,Company,0,1,0,44.0,44.0,0.0
CHE,Group,Agent,0,7,0,71.3,1770.88,0.0
NLD,Transient-Party,Agent,1,2,0,70.5,141.0,0.0
MYS,Transient-Party,Agent,0,4,0,83.23,980.58,0.0
MDG,Transient,Direct,0,1,0,44.0,44.0,0.0
ISR,Transient-Party,Agent,0,79,1,85.13,15485.18,1.27
BRA,Transient-Party,Direct,0,22,2,90.54,4400.88,9.09
IDN,Transient-Party,Direct,0,1,0,55.0,165.0,0.0
IND,Transient-Party,Direct,0,1,0,55.0,165.0,0.0
POL,Transient,Direct,1,1,0,49.1,49.1,0.0
ISL,Transient,Agent,0,15,4,135.91,9819.86,26.67
ISL,Transient,Agent,1,1,0,45.67,411.03,0.0
TUR,Transient-Party,Direct,0,8,0,74.54,1119.3,0.0
BRA,Transient,Company,0,8,0,81.22,4102.46,0.0
CAF,Transient-Party,Agent,0,2,0,106.0,212.0,0.0
AGO,Transient-Party,Agent,0,6,2,81.83,1739.0,33.33
UZB,Transient,Direct,0,1,0,60.0,60.0,0.0
DNK,Transient,Direct,0,12,0,98.6,4971.69,0.0
RUS,Group,Agent,0,3,0,79.67,426.0,0.0
FIN,Transient,Direct,1,1,0,77.0,77.0,0.0
BEL,Transient-Party,Direct,0,20,0,89.1,7252.7,0.0
URY,Transient-Party,Company,0,4,0,94.5,756.0,0.0
USA,Transient-Party,Direct,0,10,0,108.57,3553.6,0.0
HUN,Transient-Party,Direct,0,4,0,67.78,678.3,0.0
COL,Transient-Party,Agent,0,10,0,113.82,4018.02,0.0
IND,Transient,Company,0,2,0,119.97,239.95,0.0
SVK,Transient-Party,Direct,0,1,0,75.0,525.0,0.0
ECU,Transient,Agent,0,22,7,133.28,9921.19,31.82
AGO,Transient,Direct,1,11,2,108.65,6061.0,18.18
NPL,Transient,Agent,0,1,0,85.0,255.0,0.0
SRB,Transient-Party,Agent,0,26,0,94.96,6146.0,0.0
CPV,Transient,Agent,0,19,12,95.23,14514.68,63.16
IRN,Transient-Party,Agent,0,12,0,140.58,6517.8,0.0
BEL,Transient,Company,0,19,1,98.62,7091.99,5.26
SRB,Transient,Company,0,1,0,89.0,89.0,0.0
BRA,Transient,Direct,1,5,0,135.64,1631.82,0.0
CZE,Contract,Agent,0,5,0,96.75,1814.5,0.0
RUS,Transient-Party,Company,0,14,2,76.14,3086.0,14.29
SVN,Transient-Party,Company,0,2,0,90.0,720.0,0.0
BHS,Contract,Agent,0,1,0,50.85,355.95,0.0
LBN,Transient-Party,Direct,0,1,0,91.0,364.0,0.0
HUN,Transient,Direct,0,6,0,80.47,1712.84,0.0
CUB,Transient,Direct,0,2,0,165.25,330.5,0.0
CHE,Transient,Agent,1,1,0,140.0,140.0,0.0
MAC,Transient-Party,Agent,0,1,0,120.0,120.0,0.0
CYP,Transient,Direct,0,3,0,93.0,573.0,0.0
TGO,Transient,Agent,0,2,0,105.75,1784.5,0.0
COL,Transient-Party,Company,0,2,0,110.0,320.0,0.0
KAZ,Transient,Direct,0,1,0,173.0,173.0,0.0
TWN,Transient-Party,Agent,0,4,0,159.5,1276.0,0.0
TWN,Transient,Agent,0,37,13,120.78,13278.0,35.14
GBR,Contract,Company,0,3,0,144.47,3978.8,0.0
DJI,Transient,Agent,0,1,0,273.0,273.0,0.0
ZAF,Transient-Party,Agent,0,5,0,141.33,2950.01,0.0
VNM,Transient-Party,Agent,0,1,0,183.75,551.25,0.0
JPN,Transient-Party,Agent,0,13,1,106.89,4000.52,7.69
MAR,Transient,Direct,1,1,0,245.0,245.0,0.0
AUS,Group,Agent,0,2,0,171.02,459.08,0.0
GEO,Transient-Party,Agent,0,2,0,154.5,1405.0,0.0
HUN,Contract,Agent,0,5,0,117.15,2430.25,0.0
MAR,Transient-Party,Agent,0,14,4,79.45,3661.25,28.57
CHE,Transient,Direct,1,2,0,157.0,434.0,0.0
PAK,Transient-Party,Agent,0,1,0,243.81,731.43,0.0
AGO,Transient,Company,0,9,0,83.04,2298.99,0.0
USA,Transient,Company,0,13,0,100.26,4399.4,0.0
PRT,Contract,Company,0,1,0,105.0,210.0,0.0
MAR,Contract,Agent,0,4,0,95.06,1266.5,0.0
AUS,Contract,Agent,0,8,0,111.21,2529.8,0.0
MOZ,Transient,Direct,0,7,1,114.38,2331.02,14.29
TUN,Transient,Direct,0,1,0,75.0,525.0,0.0
MEX,Transient-Party,Agent,0,9,0,102.56,2071.0,0.0
GRC,Transient-Party,Company,0,4,0,96.75,896.0,0.0
AGO,Transient-Party,Direct,0,3,0,91.17,1297.0,0.0
COL,Contract,Agent,0,2,0,121.0,726.0,0.0
AGO,Contract,Agent,0,6,0,127.81,3828.46,0.0
HRV,Contract,Agent,0,2,0,102.76,1233.12,0.0
AGO,Contract,Direct,0,1,0,106.84,1282.08,0.0
STP,Transient,Direct,0,2,0,117.0,344.0,0.0
RUS,Contract,Agent,0,17,0,116.71,5889.48,0.0
MEX,Contract,Agent,0,4,0,109.25,704.0,0.0
UKR,Contract,Agent,0,3,0,127.33,469.0,0.0
VEN,Contract,Agent,0,2,0,129.42,776.49,0.0
FRA,Contract,Company,0,1,0,92.0,460.0,0.0
CHN,Contract,Agent,0,8,0,115.9,2140.3,0.0
KOR,Contract,Agent,0,3,0,149.67,608.0,0.0
TUR,Contract,Agent,0,6,0,100.49,1260.62,0.0
DNK,Contract,Agent,0,2,0,156.63,1253.0,0.0
FRA,Contract,Direct,0,1,0,105.0,105.0,0.0
AZE,Contract,Agent,0,2,0,112.5,555.0,0.0
BLR,Contract,Agent,0,2,0,103.75,716.0,0.0
KAZ,Contract,Agent,0,2,0,126.9,1059.0,0.0
ISR,Contract,Agent,0,6,0,127.93,3003.1,0.0
JPN,Group,Agent,0,3,0,110.72,507.72,0.0
LTU,Contract,Agent,0,1,0,124.0,248.0,0.0
LBN,Transient-Party,Agent,0,4,0,82.5,875.0,0.0
GRC,Contract,Agent,0,6,0,111.16,2446.83,0.0
SVK,Transient,Direct,0,1,0,163.0,652.0,0.0
MYS,Contract,Agent,0,1,0,85.5,256.5,0.0
SRB,Contract,Agent,0,2,0,98.59,1544.12,0.0
IRN,Contract,Agent,0,3,0,112.35,775.1,0.0
JPN,Contract,Agent,0,7,0,117.69,2048.93,0.0
SEN,Transient-Party,Agent,0,2,0,70.0,420.0,0.0
KOR,Transient-Party,Agent,0,7,0,86.22,1879.71,0.0
PER,Transient-Party,Agent,0,6,0,108.39,2006.99,0.0
EGY,Transient-Party,Agent,0,8,0,84.25,2575.0,0.0
SVK,Transient-Party,Agent,0,3,0,110.7,1148.4,0.0
BGR,Transient-Party,Agent,0,7,0,91.71,2061.0,0.0
SAU,Transient-Party,Agent,0,2,1,110.4,1718.0,50.0
KNA,Transient-Party,Agent,0,2,0,92.2,368.8,0.0
DZA,Transient-Party,Agent,0,11,0,87.57,2960.28,0.0
HRV,Transient-Party,Agent,0,7,0,122.83,2291.4,0.0
JOR,Transient-Party,Agent,0,5,0,72.2,1373.0,0.0
IDN,Transient-Party,Agent,0,1,0,75.0,300.0,0.0
KWT,Transient-Party,Agent,0,1,0,75.0,300.0,0.0
LKA,Transient-Party,Agent,0,1,0,75.0,375.0,0.0
LUX,Contract,Agent,0,2,0,120.63,820.5,0.0
ETH,Transient,Agent,0,3,1,101.26,1398.48,33.33
SWE,Transient,Company,0,2,0,81.15,499.2,0.0
KOR,Transient,Direct,0,4,0,88.75,755.0,0.0
IRQ,Transient-Party,Agent,0,5,0,108.6,2200.0,0.0
BLR,Transient,Direct,0,2,1,55.0,110.0,50.0
HND,Transient,Agent,0,1,1,79.0,79.0,100.0
RWA,Transient,Agent,0,1,0,66.45,664.5,0.0
KHM,Transient,Agent,0,1,1,99.0,396.0,100.0
MCO,Transient,Agent,0,4,1,85.74,951.92,25.0
BGD,Transient,Agent,0,10,7,154.16,6916.97,70.0
ISL,Transient-Party,Agent,0,9,0,94.44,3400.0,0.0
UZB,Transient,Agent,0,3,2,109.32,1108.39,66.67
IMN,Transient,Agent,0,2,2,117.45,963.9,100.0
TJK,Transient,Agent,0,2,1,124.05,744.3,50.0
NIC,Transient,Agent,0,1,1,139.0,417.0,100.0
ZAF,Transient,Direct,0,4,1,107.47,522.9,25.0
GGY,Transient,Agent,0,1,1,117.9,353.7,100.0
BEN,Transient,Agent,0,3,3,123.2,864.0,100.0
MAC,Transient,Agent,0,9,9,113.96,3285.42,100.0
VGB,Transient,Agent,0,1,1,100.5,301.5,100.0
FIN,Transient-Party,Direct,0,5,1,83.98,852.9,20.0
TZA,Transient,Agent,0,5,3,90.9,1486.0,60.0
GAB,Transient,Agent,0,4,2,143.38,1398.0,50.0
MKD,Transient-Party,Agent,0,2,2,102.85,822.8,100.0
BIH,Transient,Agent,0,8,3,118.33,3696.55,37.5
GHA,Transient,Agent,0,4,2,126.45,2832.2,50.0
TMP,Transient,Agent,0,3,1,139.07,1158.6,33.33
GLP,Transient,Agent,0,1,1,140.0,420.0,100.0
KEN,Transient,Agent,0,5,2,145.49,2928.44,40.0
LIE,Transient,Agent,0,3,1,102.27,927.8,33.33
GNB,Transient,Agent,0,1,1,74.8,523.6,100.0
AZE,Transient,Direct,0,1,1,108.0,108.0,100.0
MNE,Transient,Agent,0,2,2,173.25,2079.0,100.0
UMI,Transient,Agent,0,1,1,200.0,600.0,100.0
JEY,Transient,Direct,0,1,1,252.0,252.0,100.0
MYT,Transient,Agent,0,2,2,177.75,1480.5,100.0
FRO,Transient,Agent,0,3,2,165.67,4933.0,66.67
AUS,Transient,Agent,1,1,0,85.5,256.5,0.0
DZA,Contract,Agent,0,2,0,117.72,1949.95,0.0
FRA,Transient,Company,1,39,4,89.68,6224.5,10.26
ITA,Group,Company,0,1,0,0.0,0.0,0.0
PRT,Contract,Direct,1,1,0,0.0,0.0,0.0
TUR,Transient-Party,Agent,1,4,0,87.5,1050.0,0.0
ISR,Transient,Agent,1,1,0,133.0,266.0,0.0
MEX,Group,Agent,0,1,0,114.0,342.0,0.0
ESP,Transient-Party,Company,1,4,0,93.5,469.0,0.0
CMR,Transient-Party,Agent,0,1,0,170.0,850.0,0.0
SAU,Contract,Agent,0,1,0,117.0,351.0,0.0
JPN,Transient,Direct,0,8,0,133.52,4876.4,0.0
MMR,Transient,Agent,0,1,0,145.0,290.0,0.0
JPN,Transient,Direct,1,1,0,92.5,1295.0,0.0
JPN,Transient,Company,1,1,0,140.8,140.8,0.0
KOR,Transient,Agent,1,1,1,126.0,252.0,100.0
HRV,Transient,Direct,0,5,0,111.2,1487.0,0.0
IRQ,Transient,Direct,0,3,0,97.67,978.0,0.0
MYS,Transient,Direct,0,2,0,110.5,682.0,0.0
AGO,Transient,Agent,1,7,0,107.49,3063.61,0.0
IRQ,Transient,Agent,0,2,0,123.5,463.0,0.0
KOR,Transient,Company,0,1,0,142.0,284.0,0.0
DOM,Transient,Direct,0,1,0,114.0,114.0,0.0
BGR,Contract,Agent,0,2,0,112.5,630.0,0.0
SWE,Transient-Party,Company,0,8,0,112.5,2020.0,0.0
FIN,Transient-Party,Company,0,4,0,109.0,1312.0,0.0
DNK,Transient,Company,0,4,0,92.0,859.0,0.0
LBN,Contract,Agent,0,1,0,96.3,96.3,0.0
FIN,Group,Agent,0,1,0,72.25,144.5,0.0
CRI,Transient,Direct,0,2,0,96.5,291.0,0.0
TWN,Contract,Agent,0,1,0,75.0,225.0,0.0
ARG,Contract,Agent,0,2,0,76.69,537.32,0.0
PAN,Transient,Agent,0,7,0,118.09,3428.7,0.0
BRA,Transient-Party,Agent,1,2,0,72.0,288.0,0.0
AUT,Transient,Agent,1,1,0,81.9,81.9,0.0
PER,Transient,Agent,1,1,0,73.9,147.8,0.0
IRQ,Contract,Agent,0,1,0,87.7,438.5,0.0
CHL,Contract,Agent,0,1,0,107.0,107.0,0.0
IND,Contract,Agent,0,1,0,81.9,81.9,0.0
TUN,Transient-Party,Agent,0,2,0,90.0,610.0,0.0
SVK,Contract,Agent,0,1,0,96.3,288.9,0.0
GRC,Transient,Direct,1,1,0,101.0,303.0,0.0
ITA,Transient-Party,Agent,1,2,0,142.0,502.0,0.0
ESP,Contract,Agent,1,1,0,0.0,0.0,0.0
ECU,Contract,Agent,0,1,0,105.3,421.2,0.0
BFA,Transient,Agent,0,1,0,80.3,80.3,0.0
SAU,Transient-Party,Direct,0,1,0,71.0,142.0,0.0
ARM,Transient-Party,Agent,0,1,0,64.0,128.0,0.0
MAR,Transient-Party,Direct,0,4,0,94.83,1172.0,0.0
MOZ,Transient-Party,Direct,0,2,0,75.65,1513.0,0.0
KEN,Transient-Party,Agent,0,1,0,77.75,155.5,0.0
KOR,Transient-Party,Company,0,2,0,98.0,502.0,0.0
CHN,Transient,Company,0,3,0,86.25,1101.5,0.0
NOR,Transient-Party,Company,0,4,0,99.0,1182.0,0.0
EGY,Transient,Direct,0,1,0,91.0,91.0,0.0
DNK,Group,Agent,0,2,0,58.91,471.28,0.0
ARG,Transient-Party,Company,0,2,0,95.5,301.0,0.0
LBY,Transient-Party,Agent,0,4,0,75.75,758.0,0.0
PAN,Transient-Party,Agent,0,1,0,70.0,140.0,0.0
VEN,Transient-Party,Agent,0,1,0,76.0,228.0,0.0
MOZ,Transient-Party,Agent,0,14,0,91.85,4240.7,0.0
GNB,Transient-Party,Agent,0,4,0,85.84,1380.04,0.0
LBY,Transient-Party,Direct,0,1,0,90.0,90.0,0.0
LBY,Transient,Direct,0,2,0,89.5,179.0,0.0
GNB,Transient,Direct,0,2,0,82.83,1595.2,0.0
IND,Transient-Party,Company,0,3,0,102.0,718.0,0.0
MAR,Transient-Party,Company,0,6,0,75.83,1635.0,0.0
COL,Transient,Direct,0,1,0,97.0,582.0,0.0
TUR,Transient,Direct,0,7,0,94.69,1627.29,0.0
SVN,Transient,Direct,0,2,0,35.63,427.5,0.0
VEN,Transient,Company,0,1,0,107.0,107.0,0.0
GNB,Transient-Party,Direct,0,2,0,82.33,1677.65,0.0
NOR,Group,Agent,0,2,0,68.11,817.32,0.0
ITA,Contract,Direct,0,1,0,6.0,6.0,0.0
MEX,Transient,Direct,0,3,0,86.67,260.0,0.0
GRC,Transient,Company,0,11,0,106.01,4369.6,0.0
USA,Transient,Company,1,1,0,85.0,85.0,0.0
AUT,Transient,Company,1,6,1,73.83,807.0,16.67
MLI,Transient,Agent,0,1,0,89.0,89.0,0.0
DEU,Transient,Company,1,4,0,126.25,940.0,0.0
DZA,Transient,Company,0,3,0,101.54,904.52,0.0
DZA,Transient,Company,1,2,1,110.0,660.0,50.0
ITA,Transient,Company,1,5,1,107.0,2320.0,20.0
ESP,Transient-Party,Agent,1,2,1,117.5,485.0,50.0
KAZ,Transient-Party,Agent,0,1,0,63.5,254.0,0.0
GRC,Transient,Company,1,2,0,102.5,2015.0,0.0
RUS,Transient,Agent,1,1,0,0.0,0.0,0.0
NAM,Transient,Agent,0,1,0,121.61,486.44,0.0
BOL,Transient-Party,Agent,0,3,0,83.33,750.0,0.0
SVN,Transient,Company,1,2,0,130.0,410.0,0.0
LUX,Transient,Agent,1,3,0,82.67,248.0,0.0
ZAF,Transient-Party,Company,0,1,0,130.0,260.0,0.0
TUR,Transient-Party,Company,0,3,0,125.56,1220.02,0.0
MAR,Transient-Party,Direct,1,1,0,0.0,0.0,0.0
USA,Transient-Party,Agent,1,1,0,0.0,0.0,0.0
ARG,Transient-Party,Direct,0,7,0,153.76,3633.85,0.0
HRV,Transient,Company,0,7,0,90.0,2980.0,0.0
MLT,Transient,Direct,0,1,0,149.0,149.0,0.0
BEL,Transient,Company,1,6,0,100.0,1135.0,0.0
LTU,Transient,Direct,0,1,0,149.0,149.0,0.0
ITA,Group,Company,1,1,0,110.0,220.0,0.0
VEN,Transient-Party,Company,0,1,0,110.0,220.0,0.0
CHL,Transient-Party,Company,0,2,0,110.0,550.0,0.0
CRI,Transient-Party,Company,0,1,0,110.0,220.0,0.0
EST,Transient-Party,Company,0,2,0,111.35,890.8,0.0
THA,Transient-Party,Direct,0,1,0,12.0,36.0,0.0
CHL,Transient,Direct,0,2,0,134.5,647.0,0.0
CYP,Transient-Party,Direct,0,10,0,82.39,5567.65,0.0
BIH,Transient-Party,Agent,0,2,0,96.15,486.9,0.0
QAT,Transient-Party,Agent,0,1,0,70.0,210.0,0.0
PRY,Transient,Agent,0,4,0,112.6,671.8,0.0
BRB,Transient-Party,Agent,0,2,0,95.0,380.0,0.0
ABW,Transient,Agent,0,2,0,128.34,927.72,0.0
MLT,Transient-Party,Company,0,2,0,111.35,785.4,0.0
AIA,Transient,Agent,0,1,0,265.0,1060.0,0.0
URY,Transient,Direct,0,2,0,173.4,346.8,0.0
SLV,Transient,Agent,0,2,0,148.85,457.7,0.0
ZAF,Transient,Agent,1,1,0,75.0,75.0,0.0
DMA,Transient,Agent,0,1,0,105.3,421.2,0.0
POL,Group,Agent,0,1,0,12.0,12.0,0.0
GEO,Transient,Direct,0,1,0,96.3,385.2,0.0
NZL,Transient-Party,Direct,0,1,0,70.56,141.12,0.0
CHN,Transient-Party,Company,0,4,0,117.0,798.0,0.0
PYF,Transient-Party,Agent,0,1,0,144.0,432.0,0.0
JPN,Transient-Party,Direct,0,1,0,125.0,125.0,0.0
MEX,Transient,Company,0,2,0,159.5,444.0,0.0
NLD,Transient,Agent,1,3,0,103.97,483.82,0.0
DEU,Group,Agent,1,2,0,83.95,235.82,0.0
DOM,Transient-Party,Agent,0,2,0,107.34,768.01,0.0
TUN,Transient,Agent,1,1,0,0.0,0.0,0.0
GUY,Transient-Party,Agent,0,1,0,120.0,360.0,0.0
LCA,Transient-Party,Agent,0,1,0,80.75,403.75,0.0
CPV,Transient-Party,Agent,0,1,0,109.65,109.65,0.0
ATA,Transient,Agent,0,2,0,134.25,537.0,0.0
ARE,Transient,Direct,1,1,0,0.0,0.0,0.0
TUR,Group,Agent,0,2,0,97.5,365.0,0.0
RWA,Transient,Direct,0,1,0,100.08,300.24,0.0
SVK,Transient,Company,0,1,0,75.0,150.0,0.0
ROU,Transient,Company,0,3,0,84.45,1048.52,0.0
EST,Transient,Company,0,2,0,75.0,300.0,0.0
ISL,Transient,Company,0,1,0,75.0,150.0,0.0
ALB,Transient,Company,0,1,0,75.0,150.0,0.0
TUR,Transient,Company,0,1,0,75.0,150.0,0.0
LTU,Transient,Company,0,1,0,75.0,225.0,0.0
LVA,Transient,Company,0,1,0,75.0,225.0,0.0
MKD,Transient,Company,0,6,0,75.0,1350.0,0.0
MLT,Transient,Company,0,1,0,75.0,225.0,0.0
SVN,Transient-Party,Direct,0,2,0,32.5,130.0,0.0
BGR,Transient,Direct,0,1,0,81.0,243.0,0.0
MNE,Transient-Party,Direct,0,2,0,65.0,455.0,0.0
LTU,Transient-Party,Direct,0,1,0,65.0,260.0,0.0
MNE,Transient-Party,Agent,0,1,0,75.0,300.0,0.0
GRC,Transient-Party,Direct,0,2,0,75.59,302.36,0.0
IRN,Transient,Direct,0,2,0,78.0,156.0,0.0
BRA,Group,Direct,0,1,0,65.0,65.0,0.0
IRL,Transient,Company,1,2,0,77.5,305.0,0.0
ARG,Group,Agent,1,1,0,125.8,503.2,0.0
GTM,Transient,Agent,0,3,0,80.33,368.0,0.0
ALB,Transient-Party,Agent,0,3,0,87.07,848.6,0.0
SGP,Group,Agent,0,1,0,67.15,67.15,0.0
MDV,Transient-Party,Agent,0,1,0,75.0,75.0,0.0
AGO,Group,Direct,0,2,0,44.0,616.0,0.0
NGA,Group,Agent,1,1,0,58.31,58.31,0.0
MOZ,Transient,Direct,1,1,0,0.0,0.0,0.0
DNK,Transient,Direct,1,1,0,97.0,97.0,0.0
ASM,Transient,Agent,0,1,0,72.07,72.07,0.0
SVK,Transient-Party,Company,0,2,0,90.0,360.0,0.0
LTU,Transient-Party,Company,0,2,0,85.0,425.0,0.0
HRV,Transient-Party,Company,0,1,0,85.0,170.0,0.0
SYR,Transient-Party,Direct,0,1,0,104.0,208.0,0.0
QAT,Transient-Party,Direct,0,1,0,104.0,208.0,0.0
AUS,Group,Direct,0,1,0,100.0,100.0,0.0
ISR,Group,Agent,1,2,0,91.9,268.8,0.0
NOR,Transient,Direct,1,1,0,123.0,123.0,0.0
SWE,Group,Direct,0,1,0,130.5,261.0,0.0
POL,Group,Direct,1,1,0,126.0,126.0,0.0
MRT,Transient,Agent,0,1,0,97.65,585.9,0.0
CN,Transient-Party,Company,0,3,0,87.33,557.0,0.0
LKA,Transient,Company,0,1,0,119.0,1547.0,0.0
SYR,Transient,Agent,0,1,0,137.0,548.0,0.0
ESP,Group,Company,1,1,0,95.0,285.0,0.0
TWN,Transient-Party,Company,0,1,0,110.0,440.0,0.0
JPN,Transient-Party,Company,0,1,0,110.0,110.0,0.0
NCL,Transient,Agent,0,1,0,175.5,702.0,0.0
ECU,Transient-Party,Agent,0,1,0,120.0,240.0,0.0
DZA,Transient,Direct,0,1,0,150.0,150.0,0.0
VEN,Transient,Direct,0,1,0,100.0,400.0,0.0
KIR,Transient,Agent,0,1,0,108.0,432.0,0.0
SDN,Transient,Agent,0,1,0,99.0,297.0,0.0
PER,Transient,Direct,0,1,0,150.0,150.0,0.0
USA,Group,Direct,0,1,0,130.0,130.0,0.0
HUN,Transient,Company,0,1,0,110.0,330.0,0.0
USA,Group,Agent,1,1,0,128.0,128.0,0.0
PAK,Transient-Party,Company,0,2,0,97.5,195.0,0.0
ZAF,Group,Agent,0,1,0,90.0,360.0,0.0
IRN,Transient-Party,Company,0,1,0,100.0,200.0,0.0
PER,Transient-Party,Company,0,1,0,100.0,400.0,0.0
ATF,Transient,Agent,0,1,0,126.0,252.0,0.0
DNK,Transient-Party,Direct,0,1,0,150.5,301.0,0.0
LBY,Transient,Agent,0,1,0,170.0,510.0,0.0
PHL,Transient-Party,Agent,0,1,0,139.5,418.5,0.0
ZAF,Transient-Party,Direct,0,2,0,95.9,383.6,0.0
SLE,Transient,Agent,0,1,0,121.43,850.01,0.0
LAO,Transient,Agent,0,2,0,181.67,909.99,0.0
CN,Transient-Party,Direct,0,1,0,99.0,396.0,0.0
LBN,Transient,Direct,0,1,0,140.0,140.0,0.0